Reviewer Name,Review Date,Review Content
T***.,25 Nov 2024,"Healthy and nutritious!, Crunchy and delicious!, Great for snacking!, Convenient ready-to-eat snack!, Perfect for casual snacking!, Organic almonds for a healthier choice!, Available in different sizes for your convenience!, Perfect office snack!, Fresh. Will buy again. "
Sumaiya B.,15 Feb 2025,"ğŸ’²Price:ok
 ğŸ˜‹Taste:ok
 ğŸ”Quality:okFresh and high-quality almonds!, Halal certified almonds!, Crunchy and delicious!,  "
Oon H.,12 Feb 2025,"Available in different sizes for your convenience!, Organic almonds for a healthier choice!, Convenient ready-to-eat snack!,  "
A***.,26 May 2024,"Received the taste nut very fast Perfect office snack!, Organic almonds for a healthier choice!, Perfect for casual snacking!, can buy for family and friends  "
S***.,21 Feb 2025,"Crunchy and delicious!, Convenient ready-to-eat snack!,  "
A***.,26 May 2024,Very clean and delicious to eat. Thanks to seller and delivery man ğŸ‘Œ 
0***0,09 Dec 2024,"sorry to said my nuts not very fresh, not crunchy and i am not satisfied with the nuts , i believe its the best because i choose this almadina shops based on the review. "
SHUJAT H.,04 Dec 2024,"Organic almonds for a healthier choice!, Convenient ready-to-eat snack!, Convenient ready-to-eat snack!, Perfect for casual snacking!,  "
Lui Y.,18 Apr 2024,"Organic almonds for a healthier choice!, but the nuts no so crunchy.Healthy and nutritious!,  "
1***7,04 Dec 2023,thanks seller nice taste i like thanks deliveryman the deliver estimated .thanks i buy again 
Faisal K.,05 Feb 2025,very very good ğŸ‘ 
0***2,05 Dec 2024,"Convenient ready-to-eat snack!, Fresh and high-quality almonds!, Healthy and nutritious!, Organic almonds for a healthier choice!,  "
L***.,20 Nov 2024,"Fresh and high-quality almonds!, Organic almonds for a healthier choice!,  "
shiv L.,30 Jan 2025,adah tipu  
E***.,04 Oct 2024,"Haven't tried it yet. Hope, it is fresh and crunchy.
The packaging looks air tight but only know after it is opened & try "
Haris,16 Nov 2024,"Fresh and high-quality almonds!, Perfect office snack!, 
 ğŸ˜‹Taste:very nice  "
Nitesh Y.,03 Nov 2024,"Healthy and nutritious!, Perfect for casual snacking!, Perfect for casual snacking!,  "
Ismiati M.,11 Nov 2024,"ğŸ’²Harga:berpatutan
 ğŸ”Kualiti:not bad
 ğŸ˜‹Rasa:lemak
 "
Good B.,16 Aug 2024,"Organic almonds for a healthier choice!, Crunchy and delicious!, Perfect for casual snacking!,  "
ongzh,08 Sep 2024,"Convenient ready-to-eat snack!,  packaging is good, quality should be good "
1***4,03 Feb 2024,good ğŸ‘ğŸ‘ğŸ‘ 
Tan B.,22 Jul 2024,"Received Almond nuts safety and in good condition.
Fresh and high-quality almonds!, Healthy and nutritious!, Convenient ready-to-eat snack!, Highly recommended. "
LOO S.,06 Jul 2024,Thank you seller for the fast shipping and good packaging. Item received in good condition. 
Malay J.,22 Feb 2025,"Perfect office snack!, Organic almonds for a healthier choice!, Perfect for casual snacking!,  "
0***2,15 Feb 2025,"Halal certified almonds!, Crunchy and delicious!, Convenient ready-to-eat snack!, Organic almonds for a healthier choice!,  "
