Review,Lowecase conversion,Removal of URLs,Removal of HTML tags,Removal of emojis,Replace internet slang/chat words,Replace shortened English words,Handle spelling mistakes,Remove punctuations,Remove special characters,Remove numbers,Remove whitespaces,Remove stopwords,Tokenization,Stemming,Lemmatization
"The product arrived on time. Packaging was great, and the quality is amazing!",,,,,,,,,,,,,,,
THIS PRODUCT IS JUST AMAZING! I LOVE IT.,,,,,,,,,,,,,,,
"I bought this phone for $799, and it has a 120Hz display. Totally worth it!",,,,,,,,,,,,,,,
Wow!!! This product is awesome... but a bit expensive??,,,,,,,,,,,,,,,
   The laptop works perfectly fine.   ,,,,,,,,,,,,,,,
Check out the full product details here: https://example.com/product-details,,,,,,,,,,,,,,,
<div><h2>Great Purchase!</h2><p>I am happy with this product.</p></div>,,,,,,,,,,,,,,,
"The battry life is excelent, but the chargin cable is too short.",,,,,,,,,,,,,,,
I can't believe it's so good! Didn't expect such quality.,,,,,,,,,,,,,,,
"Love this product! ???? Fast delivery ??, amazing quality! ??",,,,,,,,,,,,,,,
"TBH, I wasn't expecting much, but OMG, this is awesome!!",,,,,,,,,,,,,,,
This is the best product I have ever used in my life!,,,,,,,,,,,,,,,
"The shoes were comfortable, fitting nicely, and worked perfectly for jogging.",,,,,,,,,,,,,,,
